{"x8_diagonal": [72.9122759759986, 61.042955396823416, 82.36173635326507, 63.689929076861965, 69.48834088704429, 62.87730612766437, 65.60157078404711, 68.49316822143099], "x16_diagonal": [19.76002601181881, 21.290423855014403, 21.81769651249416, 21.27675075006581, 20.85581004256328, 22.66114612136843, 23.07621178434283, 22.779843731078746, 21.85000627914137, 21.65462910675126, 20.459958202405268, 22.821263942392925, 19.305097576221936, 22.14283968744554, 17.43101063945328, 19.978568270007226]}