{"wavelengths":[1389.48,1390.68,1391.88,1393.08,1394.28,1395.48,1396.68,1397.88,1399.08,1400.28,1401.48,1402.68,1403.88,1405.08,1406.28,1407.48,1408.68,1409.88,1411.08,1412.28,1413.48,1414.68,1415.88,1417.08,1418.28,1419.48,1420.68,1421.88,1423.08,1424.28,1425.48,1426.68,1427.88,1429.08,1430.28,1431.48,1432.68,1433.88,1435.08,1436.28,1437.48,1438.68,1439.88,1441.08,1442.28,1443.48,1444.68,1445.88,1447.08,1448.28,1449.48,1450.68,1451.88,1453.08,1454.28,1455.48,1456.68,1457.88,1459.08,1460.28,1461.48,1462.68,1463.88,1465.08,1466.28,1467.48,1468.68,1469.88,1471.08,1472.28,1473.48,1474.68,1475.88,1477.08,1478.28,1479.48,1480.68,1481.88,1483.08,1484.28,1485.48,1486.68,1487.88,1489.08,1490.28,1491.48,1492.68,1493.88,1495.08,1496.28,1497.48,1498.68,1499.88,1501.08,1502.28,1503.48,1504.68,1505.88,1507.08,1508.28,1509.48,1510.68,1511.88,1513.08,1514.28,1515.48,1516.68,1517.88,1519.08,1520.28,1521.48,1522.68,1523.88,1525.08,1526.28,1527.48,1528.68,1529.88,1531.08,1532.28,1533.48,1534.68,1535.88,1537.08,1538.28,1539.48,1540.68,1541.88,1543.08,1544.28,1545.48,1546.68,1547.88,1549.08,1550.28,1551.48,1552.68,1553.88,1555.08,1556.28,1557.48,1558.68,1559.88,1561.08,1562.28,1563.48,1564.68,1565.88,1567.08,1568.28,1569.48,1570.68,1571.88,1573.08,1574.28,1575.48,1576.68,1577.88,1579.08,1580.28,1581.48,1582.68,1583.88,1585.08,1586.28,1587.48,1588.68,1589.88,1591.08,1592.28,1593.48,1594.68,1595.88,1597.08,1598.28,1599.48,1600.68,1601.88,1603.08,1604.28,1605.48,1606.68,1607.88,1609.08,1610.28,1611.48,1612.68,1613.88,1615.08,1616.28,1617.48,1618.68,1619.88,1621.08,1622.28,1623.48,1624.68,1625.88,1627.08,1628.28,1629.48,1630.68,1631.88,1633.08,1634.28,1635.48,1636.68,1637.88,1639.08,1640.28,1641.48,1642.68,1643.88,1645.08,1646.28,1647.48,1648.68,1649.88,1651.08,1652.28,1653.48,1654.68,1655.88,1657.08,1658.28,1659.48,1660.68,1661.88,1663.08,1664.28,1665.48,1666.68,1667.88,1669.08,1670.28,1671.48,1672.68,1673.88,1675.08,1676.28,1677.48,1678.68,1679.88,1681.08,1682.28,1683.48,1684.68,1685.88,1687.08,1688.28],"zero_subtracted":[3.7409672619047575e-12,2.178556547619051e-12,0.0,3.18292857142857e-11,0.0,6.060818452380946e-12,2.8243035714285715e-11,1.0670267857142858e-11,1.7598511904761917e-12,0.0,2.3204017857142765e-12,1.7037797619047625e-11,1.597797619047618e-11,3.206386904761905e-11,0.0,0.0,0.0,1.0641964285714295e-11,0.0,1.1648913690476191e-11,0.0,0.0,5.837202380952383e-12,5.872023809523805e-12,6.903854166666667e-12,6.246875000000032e-13,2.611063988095238e-11,3.3661116071428585e-11,0.0,5.33541666666667e-12,3.1789538690476194e-11,0.0,2.147300595238095e-11,2.9735029761904765e-11,1.2693497023809524e-11,4.212747023809524e-11,2.0994880952380954e-11,7.703407738095242e-12,0.0,9.46766369047619e-12,0.0,1.3457321428571425e-11,0.0,0.0,0.0,2.647459821428571e-11,1.8430342261904764e-11,4.810833333333337e-12,3.644848214285715e-11,1.26965625e-11,9.082663690476192e-12,1.8432038690476187e-11,1.4559791666666662e-11,4.1693139880952376e-11,0.0,1.492880952380953e-11,4.114330357142856e-12,4.7431964285714285e-11,5.393909226190476e-11,2.7412857142857142e-11,5.669925595238097e-11,7.889872023809526e-11,3.877114583333334e-11,3.978446428571428e-11,6.590802083333335e-11,7.075418154761908e-11,4.5977752976190486e-11,8.249918154761905e-11,1.033881994047619e-10,1.0111099702380952e-10,8.725894345238095e-11,8.634425595238097e-11,9.349172619047618e-11,1.1653918154761903e-10,1.0852870535714284e-10,1.210782589285714e-10,1.4654797619047622e-10,1.4346891369047623e-10,1.721385714285714e-10,1.6228671130952384e-10,1.128486160714286e-10,1.867503422619048e-10,1.5241883928571427e-10,1.7698150297619047e-10,1.8567636904761902e-10,1.6989672619047616e-10,2.22515193452381e-10,1.9361955357142856e-10,1.8117611607142854e-10,2.2544443452380952e-10,1.9366571428571432e-10,2.2952041666666664e-10,2.0206092261904757e-10,2.3138732142857146e-10,2.2416983630952382e-10,1.9309013392857144e-10,2.1602793154761903e-10,2.5695288690476193e-10,2.5805302083333335e-10,2.457424107142857e-10,2.412979017857143e-10,2.25921994047619e-10,2.399556398809524e-10,2.5285421130952384e-10,2.415971428571429e-10,2.418580059523809e-10,2.3332026785714286e-10,2.367601339285714e-10,2.5784130952380955e-10,2.5030486607142855e-10,2.5788382440476184e-10,2.1751787202380954e-10,2.708798958333333e-10,2.4754330357142857e-10,2.358304910714286e-10,2.570091517857143e-10,2.5362017857142866e-10,2.3196510416666668e-10,2.4589549107142845e-10,2.263753869047619e-10,2.4070516369047616e-10,2.279647916666667e-10,2.475765029761905e-10,2.5538583333333326e-10,2.453949553571429e-10,2.4322950892857134e-10,2.454789880952381e-10,2.585280654761905e-10,2.5872870535714285e-10,2.368544047619048e-10,2.5352168154761905e-10,2.5186061011904755e-10,2.3662806547619046e-10,2.405848511904762e-10,2.343354166666667e-10,2.252643898809524e-10,2.2581808035714289e-10,2.5362709821428574e-10,2.367499702380952e-10,2.606185267857142e-10,1.933938541666667e-10,2.651294196428571e-10,2.332736755952381e-10,2.523846279761904e-10,2.0207599702380954e-10,2.2532114583333327e-10,2.2415958333333334e-10,2.160897470238095e-10,1.9702854166666667e-10,2.3184921130952382e-10,2.396116666666667e-10,2.0075983630952377e-10,2.1553674107142853e-10,2.1302675595238095e-10,1.8593659226190475e-10,1.8798513392857144e-10,2.1112428571428566e-10,1.9416316964285718e-10,2.1135626488095242e-10,2.107021726190476e-10,1.6673136904761901e-10,1.555770386904762e-10,1.7142907738095242e-10,1.6654547619047615e-10,1.5483808035714284e-10,1.6471486607142857e-10,1.766893005952381e-10,1.447623363095238e-10,1.2449985119047618e-10,1.5747796130952384e-10,1.5790001488095238e-10,1.5888522321428573e-10,1.384249553571428e-10,1.1524797619047617e-10,1.1560303571428573e-10,1.321706994047619e-10,1.3204754464285717e-10,1.0549599702380951e-10,1.1352315476190472e-10,1.2770339285714288e-10,7.890876488095239e-11,8.038306547619049e-11,7.543163690476191e-11,9.57459375e-11,7.389568452380953e-11,5.99293898809524e-11,5.0515654761904755e-11,6.540578869047619e-11,7.109421130952383e-11,6.062159226190476e-11,6.626044642857145e-11,5.942705357142856e-11,4.5914672619047626e-11,8.414949404761905e-11,1.7469360119047618e-11,1.7678452380952362e-11,6.811502976190479e-12,4.135104166666677e-12,7.362602678571428e-11,1.0077425595238092e-11,3.2172113095238095e-11,0.0,3.64746875e-11,1.103834821428572e-11,1.3452752976190473e-11,6.10029761904765e-13,2.0954196428571427e-11,1.1183303571428575e-11,0.0,2.3253139880952383e-11,7.259672619047418e-13,1.4490610119047625e-11,3.2365476190476243e-12,0.0,4.938988095238094e-12,0.0,0.0,0.0,0.0,0.0,0.0,0.0,0.0,0.0,0.0,3.583200892857143e-11,0.0,0.0,0.0,0.0,2.342973214285714e-11,0.0,0.0,7.404360119047622e-12,0.0,4.2970550595238085e-11,8.28871130952381e-11,0.0,6.202233630952383e-11,0.0,6.544342261904762e-11,9.865108630952381e-11,2.664474702380952e-11,1.98671130952381e-12,7.38589880952381e-11,2.0756279761904765e-11,2.0547366071428572e-11,0.0,0.0,5.185178571428572e-12],